index,task,phase,cl_result,run,tstamp,algorithm,manager,gem_memory_strength,gem_patterns_per_experience,dense_size,ridge_result
0,0,0,0.8281,gem,1695878805.995055,gem,True,1,15000,128,0.8216
1,0,1,0.7488,gem,1695878805.995055,gem,True,1,15000,128,0.7492
2,0,2,0.7279,gem,1695878805.995055,gem,True,1,15000,128,0.7543
3,0,3,0.7642,gem,1695878805.995055,gem,True,1,15000,128,0.7615
4,0,4,0.757,gem,1695878805.995055,gem,True,1,15000,128,0.7585
5,0,5,0.7544,gem,1695878805.995055,gem,True,1,15000,128,0.757
6,0,6,0.7476,gem,1695878805.995055,gem,True,1,15000,128,0.7504
7,0,7,0.7432,gem,1695878805.995055,gem,True,1,15000,128,0.7566
8,0,8,0.7434,gem,1695878805.995055,gem,True,1,15000,128,0.7496
9,0,9,0.7391,gem,1695878805.995055,gem,True,1,15000,128,0.7509
10,0,10,0.7398,gem,1695878805.995055,gem,True,1,15000,128,0.7423
11,1,0,0.1,gem,1695878805.995055,gem,True,1,15000,128,0.625
12,1,1,0.861,gem,1695878805.995055,gem,True,1,15000,128,0.846
13,1,2,0.779,gem,1695878805.995055,gem,True,1,15000,128,0.796
14,1,3,0.815,gem,1695878805.995055,gem,True,1,15000,128,0.816
15,1,4,0.806,gem,1695878805.995055,gem,True,1,15000,128,0.821
16,1,5,0.8,gem,1695878805.995055,gem,True,1,15000,128,0.813
17,1,6,0.786,gem,1695878805.995055,gem,True,1,15000,128,0.807
18,1,7,0.796,gem,1695878805.995055,gem,True,1,15000,128,0.821
19,1,8,0.795,gem,1695878805.995055,gem,True,1,15000,128,0.815
20,1,9,0.785,gem,1695878805.995055,gem,True,1,15000,128,0.829
21,1,10,0.779,gem,1695878805.995055,gem,True,1,15000,128,0.822
22,2,0,0.1,gem,1695878805.995055,gem,True,1,15000,128,0.427
23,2,1,0.1,gem,1695878805.995055,gem,True,1,15000,128,0.529
24,2,2,0.807,gem,1695878805.995055,gem,True,1,15000,128,0.792
25,2,3,0.771,gem,1695878805.995055,gem,True,1,15000,128,0.778
26,2,4,0.753,gem,1695878805.995055,gem,True,1,15000,128,0.763
27,2,5,0.766,gem,1695878805.995055,gem,True,1,15000,128,0.773
28,2,6,0.754,gem,1695878805.995055,gem,True,1,15000,128,0.737
29,2,7,0.738,gem,1695878805.995055,gem,True,1,15000,128,0.751
30,2,8,0.745,gem,1695878805.995055,gem,True,1,15000,128,0.746
31,2,9,0.738,gem,1695878805.995055,gem,True,1,15000,128,0.736
32,2,10,0.728,gem,1695878805.995055,gem,True,1,15000,128,0.737
33,3,0,0.1,gem,1695878805.995055,gem,True,1,15000,128,0.579
34,3,1,0.1,gem,1695878805.995055,gem,True,1,15000,128,0.622
35,3,2,0.1,gem,1695878805.995055,gem,True,1,15000,128,0.67
36,3,3,0.828,gem,1695878805.995055,gem,True,1,15000,128,0.829
37,3,4,0.813,gem,1695878805.995055,gem,True,1,15000,128,0.788
38,3,5,0.814,gem,1695878805.995055,gem,True,1,15000,128,0.794
39,3,6,0.792,gem,1695878805.995055,gem,True,1,15000,128,0.807
40,3,7,0.783,gem,1695878805.995055,gem,True,1,15000,128,0.798
41,3,8,0.789,gem,1695878805.995055,gem,True,1,15000,128,0.798
42,3,9,0.792,gem,1695878805.995055,gem,True,1,15000,128,0.788
43,3,10,0.792,gem,1695878805.995055,gem,True,1,15000,128,0.788
44,4,0,0.1,gem,1695878805.995055,gem,True,1,15000,128,0.56
45,4,1,0.1,gem,1695878805.995055,gem,True,1,15000,128,0.666
46,4,2,0.1,gem,1695878805.995055,gem,True,1,15000,128,0.67
47,4,3,0.1,gem,1695878805.995055,gem,True,1,15000,128,0.734
48,4,4,0.846,gem,1695878805.995055,gem,True,1,15000,128,0.852
49,4,5,0.822,gem,1695878805.995055,gem,True,1,15000,128,0.819
50,4,6,0.807,gem,1695878805.995055,gem,True,1,15000,128,0.822
51,4,7,0.813,gem,1695878805.995055,gem,True,1,15000,128,0.815
52,4,8,0.802,gem,1695878805.995055,gem,True,1,15000,128,0.809
53,4,9,0.802,gem,1695878805.995055,gem,True,1,15000,128,0.806
54,4,10,0.79,gem,1695878805.995055,gem,True,1,15000,128,0.81
55,5,0,0.1,gem,1695878805.995055,gem,True,1,15000,128,0.545
56,5,1,0.1,gem,1695878805.995055,gem,True,1,15000,128,0.639
57,5,2,0.1,gem,1695878805.995055,gem,True,1,15000,128,0.67
58,5,3,0.1,gem,1695878805.995055,gem,True,1,15000,128,0.696
59,5,4,0.1,gem,1695878805.995055,gem,True,1,15000,128,0.719
60,5,5,0.814,gem,1695878805.995055,gem,True,1,15000,128,0.82
61,5,6,0.771,gem,1695878805.995055,gem,True,1,15000,128,0.775
62,5,7,0.788,gem,1695878805.995055,gem,True,1,15000,128,0.783
63,5,8,0.77,gem,1695878805.995055,gem,True,1,15000,128,0.781
64,5,9,0.781,gem,1695878805.995055,gem,True,1,15000,128,0.786
65,5,10,0.782,gem,1695878805.995055,gem,True,1,15000,128,0.796
66,6,0,0.1,gem,1695878805.995055,gem,True,1,15000,128,0.555
67,6,1,0.1,gem,1695878805.995055,gem,True,1,15000,128,0.642
68,6,2,0.1,gem,1695878805.995055,gem,True,1,15000,128,0.663
69,6,3,0.1,gem,1695878805.995055,gem,True,1,15000,128,0.696
70,6,4,0.1,gem,1695878805.995055,gem,True,1,15000,128,0.706
71,6,5,0.1,gem,1695878805.995055,gem,True,1,15000,128,0.723
72,6,6,0.842,gem,1695878805.995055,gem,True,1,15000,128,0.838
73,6,7,0.833,gem,1695878805.995055,gem,True,1,15000,128,0.82
74,6,8,0.817,gem,1695878805.995055,gem,True,1,15000,128,0.832
75,6,9,0.828,gem,1695878805.995055,gem,True,1,15000,128,0.819
76,6,10,0.802,gem,1695878805.995055,gem,True,1,15000,128,0.819
77,7,0,0.1,gem,1695878805.995055,gem,True,1,15000,128,0.522
78,7,1,0.1,gem,1695878805.995055,gem,True,1,15000,128,0.557
79,7,2,0.1,gem,1695878805.995055,gem,True,1,15000,128,0.597
80,7,3,0.1,gem,1695878805.995055,gem,True,1,15000,128,0.614
81,7,4,0.1,gem,1695878805.995055,gem,True,1,15000,128,0.649
82,7,5,0.1,gem,1695878805.995055,gem,True,1,15000,128,0.64
83,7,6,0.1,gem,1695878805.995055,gem,True,1,15000,128,0.668
84,7,7,0.771,gem,1695878805.995055,gem,True,1,15000,128,0.802
85,7,8,0.781,gem,1695878805.995055,gem,True,1,15000,128,0.788
86,7,9,0.758,gem,1695878805.995055,gem,True,1,15000,128,0.773
87,7,10,0.758,gem,1695878805.995055,gem,True,1,15000,128,0.759
88,8,0,0.1,gem,1695878805.995055,gem,True,1,15000,128,0.533
89,8,1,0.1,gem,1695878805.995055,gem,True,1,15000,128,0.61
90,8,2,0.1,gem,1695878805.995055,gem,True,1,15000,128,0.628
91,8,3,0.1,gem,1695878805.995055,gem,True,1,15000,128,0.687
92,8,4,0.1,gem,1695878805.995055,gem,True,1,15000,128,0.683
93,8,5,0.1,gem,1695878805.995055,gem,True,1,15000,128,0.707
94,8,6,0.1,gem,1695878805.995055,gem,True,1,15000,128,0.734
95,8,7,0.1,gem,1695878805.995055,gem,True,1,15000,128,0.75
96,8,8,0.853,gem,1695878805.995055,gem,True,1,15000,128,0.845
97,8,9,0.841,gem,1695878805.995055,gem,True,1,15000,128,0.825
98,8,10,0.819,gem,1695878805.995055,gem,True,1,15000,128,0.826
99,9,0,0.1,gem,1695878805.995055,gem,True,1,15000,128,0.514
100,9,1,0.1,gem,1695878805.995055,gem,True,1,15000,128,0.631
101,9,2,0.1,gem,1695878805.995055,gem,True,1,15000,128,0.663
102,9,3,0.1,gem,1695878805.995055,gem,True,1,15000,128,0.698
103,9,4,0.1,gem,1695878805.995055,gem,True,1,15000,128,0.717
104,9,5,0.1,gem,1695878805.995055,gem,True,1,15000,128,0.708
105,9,6,0.1,gem,1695878805.995055,gem,True,1,15000,128,0.708
106,9,7,0.1,gem,1695878805.995055,gem,True,1,15000,128,0.735
107,9,8,0.1,gem,1695878805.995055,gem,True,1,15000,128,0.743
108,9,9,0.812,gem,1695878805.995055,gem,True,1,15000,128,0.798
109,9,10,0.806,gem,1695878805.995055,gem,True,1,15000,128,0.806
110,10,0,0.1,gem,1695878805.995055,gem,True,1,15000,128,0.505
111,10,1,0.1,gem,1695878805.995055,gem,True,1,15000,128,0.574
112,10,2,0.1,gem,1695878805.995055,gem,True,1,15000,128,0.599
113,10,3,0.1,gem,1695878805.995055,gem,True,1,15000,128,0.63
114,10,4,0.1,gem,1695878805.995055,gem,True,1,15000,128,0.633
115,10,5,0.1,gem,1695878805.995055,gem,True,1,15000,128,0.66
116,10,6,0.1,gem,1695878805.995055,gem,True,1,15000,128,0.667
117,10,7,0.1,gem,1695878805.995055,gem,True,1,15000,128,0.68
118,10,8,0.1,gem,1695878805.995055,gem,True,1,15000,128,0.69
119,10,9,0.1,gem,1695878805.995055,gem,True,1,15000,128,0.691
120,10,10,0.792,gem,1695878805.995055,gem,True,1,15000,128,0.797
121,0,0,0.8281,gem,1695878806.0062895,gem,True,1,20000,128,0.8237
122,0,1,0.7581,gem,1695878806.0062895,gem,True,1,20000,128,0.7573
123,0,2,0.7524,gem,1695878806.0062895,gem,True,1,20000,128,0.7424
124,0,3,0.7655,gem,1695878806.0062895,gem,True,1,20000,128,0.7569
125,0,4,0.7577,gem,1695878806.0062895,gem,True,1,20000,128,0.7499
126,0,5,0.756,gem,1695878806.0062895,gem,True,1,20000,128,0.7493
127,0,6,0.7542,gem,1695878806.0062895,gem,True,1,20000,128,0.7417
128,0,7,0.7451,gem,1695878806.0062895,gem,True,1,20000,128,0.7426
129,0,8,0.7467,gem,1695878806.0062895,gem,True,1,20000,128,0.745
130,0,9,0.7491,gem,1695878806.0062895,gem,True,1,20000,128,0.7449
131,0,10,0.7456,gem,1695878806.0062895,gem,True,1,20000,128,0.7361
132,1,0,0.1,gem,1695878806.0062895,gem,True,1,20000,128,0.607
133,1,1,0.838,gem,1695878806.0062895,gem,True,1,20000,128,0.821
134,1,2,0.814,gem,1695878806.0062895,gem,True,1,20000,128,0.784
135,1,3,0.816,gem,1695878806.0062895,gem,True,1,20000,128,0.795
136,1,4,0.803,gem,1695878806.0062895,gem,True,1,20000,128,0.777
137,1,5,0.798,gem,1695878806.0062895,gem,True,1,20000,128,0.782
138,1,6,0.803,gem,1695878806.0062895,gem,True,1,20000,128,0.786
139,1,7,0.801,gem,1695878806.0062895,gem,True,1,20000,128,0.79
140,1,8,0.807,gem,1695878806.0062895,gem,True,1,20000,128,0.79
141,1,9,0.812,gem,1695878806.0062895,gem,True,1,20000,128,0.791
142,1,10,0.799,gem,1695878806.0062895,gem,True,1,20000,128,0.793
143,2,0,0.1,gem,1695878806.0062895,gem,True,1,20000,128,0.445
144,2,1,0.1,gem,1695878806.0062895,gem,True,1,20000,128,0.546
145,2,2,0.803,gem,1695878806.0062895,gem,True,1,20000,128,0.811
146,2,3,0.776,gem,1695878806.0062895,gem,True,1,20000,128,0.777
147,2,4,0.754,gem,1695878806.0062895,gem,True,1,20000,128,0.756
148,2,5,0.756,gem,1695878806.0062895,gem,True,1,20000,128,0.765
149,2,6,0.728,gem,1695878806.0062895,gem,True,1,20000,128,0.758
150,2,7,0.729,gem,1695878806.0062895,gem,True,1,20000,128,0.756
151,2,8,0.739,gem,1695878806.0062895,gem,True,1,20000,128,0.757
152,2,9,0.728,gem,1695878806.0062895,gem,True,1,20000,128,0.749
153,2,10,0.716,gem,1695878806.0062895,gem,True,1,20000,128,0.755
154,3,0,0.1,gem,1695878806.0062895,gem,True,1,20000,128,0.572
155,3,1,0.1,gem,1695878806.0062895,gem,True,1,20000,128,0.618
156,3,2,0.1,gem,1695878806.0062895,gem,True,1,20000,128,0.672
157,3,3,0.827,gem,1695878806.0062895,gem,True,1,20000,128,0.819
158,3,4,0.809,gem,1695878806.0062895,gem,True,1,20000,128,0.804
159,3,5,0.803,gem,1695878806.0062895,gem,True,1,20000,128,0.804
160,3,6,0.787,gem,1695878806.0062895,gem,True,1,20000,128,0.793
161,3,7,0.79,gem,1695878806.0062895,gem,True,1,20000,128,0.797
162,3,8,0.784,gem,1695878806.0062895,gem,True,1,20000,128,0.802
163,3,9,0.793,gem,1695878806.0062895,gem,True,1,20000,128,0.815
164,3,10,0.783,gem,1695878806.0062895,gem,True,1,20000,128,0.807
165,4,0,0.1,gem,1695878806.0062895,gem,True,1,20000,128,0.589
166,4,1,0.1,gem,1695878806.0062895,gem,True,1,20000,128,0.648
167,4,2,0.1,gem,1695878806.0062895,gem,True,1,20000,128,0.663
168,4,3,0.1,gem,1695878806.0062895,gem,True,1,20000,128,0.72
169,4,4,0.854,gem,1695878806.0062895,gem,True,1,20000,128,0.846
170,4,5,0.829,gem,1695878806.0062895,gem,True,1,20000,128,0.828
171,4,6,0.814,gem,1695878806.0062895,gem,True,1,20000,128,0.822
172,4,7,0.802,gem,1695878806.0062895,gem,True,1,20000,128,0.809
173,4,8,0.813,gem,1695878806.0062895,gem,True,1,20000,128,0.818
174,4,9,0.811,gem,1695878806.0062895,gem,True,1,20000,128,0.799
175,4,10,0.795,gem,1695878806.0062895,gem,True,1,20000,128,0.792
176,5,0,0.1,gem,1695878806.0062895,gem,True,1,20000,128,0.565
177,5,1,0.1,gem,1695878806.0062895,gem,True,1,20000,128,0.636
178,5,2,0.1,gem,1695878806.0062895,gem,True,1,20000,128,0.651
179,5,3,0.1,gem,1695878806.0062895,gem,True,1,20000,128,0.682
180,5,4,0.1,gem,1695878806.0062895,gem,True,1,20000,128,0.701
181,5,5,0.823,gem,1695878806.0062895,gem,True,1,20000,128,0.826
182,5,6,0.804,gem,1695878806.0062895,gem,True,1,20000,128,0.816
183,5,7,0.787,gem,1695878806.0062895,gem,True,1,20000,128,0.794
184,5,8,0.784,gem,1695878806.0062895,gem,True,1,20000,128,0.804
185,5,9,0.785,gem,1695878806.0062895,gem,True,1,20000,128,0.805
186,5,10,0.776,gem,1695878806.0062895,gem,True,1,20000,128,0.788
187,6,0,0.1,gem,1695878806.0062895,gem,True,1,20000,128,0.549
188,6,1,0.1,gem,1695878806.0062895,gem,True,1,20000,128,0.61
189,6,2,0.1,gem,1695878806.0062895,gem,True,1,20000,128,0.661
190,6,3,0.1,gem,1695878806.0062895,gem,True,1,20000,128,0.688
191,6,4,0.1,gem,1695878806.0062895,gem,True,1,20000,128,0.703
192,6,5,0.1,gem,1695878806.0062895,gem,True,1,20000,128,0.726
193,6,6,0.859,gem,1695878806.0062895,gem,True,1,20000,128,0.847
194,6,7,0.83,gem,1695878806.0062895,gem,True,1,20000,128,0.811
195,6,8,0.823,gem,1695878806.0062895,gem,True,1,20000,128,0.831
196,6,9,0.822,gem,1695878806.0062895,gem,True,1,20000,128,0.825
197,6,10,0.812,gem,1695878806.0062895,gem,True,1,20000,128,0.812
198,7,0,0.1,gem,1695878806.0062895,gem,True,1,20000,128,0.539
199,7,1,0.1,gem,1695878806.0062895,gem,True,1,20000,128,0.556
200,7,2,0.1,gem,1695878806.0062895,gem,True,1,20000,128,0.609
201,7,3,0.1,gem,1695878806.0062895,gem,True,1,20000,128,0.619
202,7,4,0.1,gem,1695878806.0062895,gem,True,1,20000,128,0.639
203,7,5,0.1,gem,1695878806.0062895,gem,True,1,20000,128,0.672
204,7,6,0.1,gem,1695878806.0062895,gem,True,1,20000,128,0.672
205,7,7,0.771,gem,1695878806.0062895,gem,True,1,20000,128,0.764
206,7,8,0.765,gem,1695878806.0062895,gem,True,1,20000,128,0.769
207,7,9,0.74,gem,1695878806.0062895,gem,True,1,20000,128,0.765
208,7,10,0.741,gem,1695878806.0062895,gem,True,1,20000,128,0.741
209,8,0,0.1,gem,1695878806.0062895,gem,True,1,20000,128,0.531
210,8,1,0.1,gem,1695878806.0062895,gem,True,1,20000,128,0.588
211,8,2,0.1,gem,1695878806.0062895,gem,True,1,20000,128,0.623
212,8,3,0.1,gem,1695878806.0062895,gem,True,1,20000,128,0.68
213,8,4,0.1,gem,1695878806.0062895,gem,True,1,20000,128,0.699
214,8,5,0.1,gem,1695878806.0062895,gem,True,1,20000,128,0.733
215,8,6,0.1,gem,1695878806.0062895,gem,True,1,20000,128,0.712
216,8,7,0.1,gem,1695878806.0062895,gem,True,1,20000,128,0.714
217,8,8,0.835,gem,1695878806.0062895,gem,True,1,20000,128,0.835
218,8,9,0.821,gem,1695878806.0062895,gem,True,1,20000,128,0.811
219,8,10,0.809,gem,1695878806.0062895,gem,True,1,20000,128,0.807
220,9,0,0.1,gem,1695878806.0062895,gem,True,1,20000,128,0.536
221,9,1,0.1,gem,1695878806.0062895,gem,True,1,20000,128,0.623
222,9,2,0.1,gem,1695878806.0062895,gem,True,1,20000,128,0.668
223,9,3,0.1,gem,1695878806.0062895,gem,True,1,20000,128,0.668
224,9,4,0.1,gem,1695878806.0062895,gem,True,1,20000,128,0.692
225,9,5,0.1,gem,1695878806.0062895,gem,True,1,20000,128,0.71
226,9,6,0.1,gem,1695878806.0062895,gem,True,1,20000,128,0.699
227,9,7,0.1,gem,1695878806.0062895,gem,True,1,20000,128,0.708
228,9,8,0.1,gem,1695878806.0062895,gem,True,1,20000,128,0.727
229,9,9,0.79,gem,1695878806.0062895,gem,True,1,20000,128,0.778
230,9,10,0.793,gem,1695878806.0062895,gem,True,1,20000,128,0.786
231,10,0,0.1,gem,1695878806.0062895,gem,True,1,20000,128,0.518
232,10,1,0.1,gem,1695878806.0062895,gem,True,1,20000,128,0.569
233,10,2,0.1,gem,1695878806.0062895,gem,True,1,20000,128,0.59
234,10,3,0.1,gem,1695878806.0062895,gem,True,1,20000,128,0.618
235,10,4,0.1,gem,1695878806.0062895,gem,True,1,20000,128,0.635
236,10,5,0.1,gem,1695878806.0062895,gem,True,1,20000,128,0.661
237,10,6,0.1,gem,1695878806.0062895,gem,True,1,20000,128,0.666
238,10,7,0.1,gem,1695878806.0062895,gem,True,1,20000,128,0.644
239,10,8,0.1,gem,1695878806.0062895,gem,True,1,20000,128,0.671
240,10,9,0.1,gem,1695878806.0062895,gem,True,1,20000,128,0.682
241,10,10,0.792,gem,1695878806.0062895,gem,True,1,20000,128,0.788
242,0,0,0.827,gem,1695878806.0600555,gem,True,1,15000,128,0.8251
243,0,1,0.7424,gem,1695878806.0600555,gem,True,1,15000,128,0.7565
244,0,2,0.7289,gem,1695878806.0600555,gem,True,1,15000,128,0.7307
245,0,3,0.7563,gem,1695878806.0600555,gem,True,1,15000,128,0.7496
246,0,4,0.7448,gem,1695878806.0600555,gem,True,1,15000,128,0.7475
247,0,5,0.7509,gem,1695878806.0600555,gem,True,1,15000,128,0.7542
248,0,6,0.7551,gem,1695878806.0600555,gem,True,1,15000,128,0.7502
249,0,7,0.7493,gem,1695878806.0600555,gem,True,1,15000,128,0.7503
250,0,8,0.752,gem,1695878806.0600555,gem,True,1,15000,128,0.7568
251,0,9,0.7426,gem,1695878806.0600555,gem,True,1,15000,128,0.7491
252,0,10,0.7385,gem,1695878806.0600555,gem,True,1,15000,128,0.7508
253,1,0,0.1,gem,1695878806.0600555,gem,True,1,15000,128,0.575
254,1,1,0.85,gem,1695878806.0600555,gem,True,1,15000,128,0.854
255,1,2,0.776,gem,1695878806.0600555,gem,True,1,15000,128,0.799
256,1,3,0.799,gem,1695878806.0600555,gem,True,1,15000,128,0.815
257,1,4,0.777,gem,1695878806.0600555,gem,True,1,15000,128,0.805
258,1,5,0.779,gem,1695878806.0600555,gem,True,1,15000,128,0.796
259,1,6,0.777,gem,1695878806.0600555,gem,True,1,15000,128,0.804
260,1,7,0.785,gem,1695878806.0600555,gem,True,1,15000,128,0.803
261,1,8,0.79,gem,1695878806.0600555,gem,True,1,15000,128,0.806
262,1,9,0.776,gem,1695878806.0600555,gem,True,1,15000,128,0.792
263,1,10,0.766,gem,1695878806.0600555,gem,True,1,15000,128,0.796
264,2,0,0.1,gem,1695878806.0600555,gem,True,1,15000,128,0.521
265,2,1,0.1,gem,1695878806.0600555,gem,True,1,15000,128,0.553
266,2,2,0.801,gem,1695878806.0600555,gem,True,1,15000,128,0.795
267,2,3,0.762,gem,1695878806.0600555,gem,True,1,15000,128,0.77
268,2,4,0.754,gem,1695878806.0600555,gem,True,1,15000,128,0.764
269,2,5,0.749,gem,1695878806.0600555,gem,True,1,15000,128,0.764
270,2,6,0.737,gem,1695878806.0600555,gem,True,1,15000,128,0.777
271,2,7,0.739,gem,1695878806.0600555,gem,True,1,15000,128,0.754
272,2,8,0.751,gem,1695878806.0600555,gem,True,1,15000,128,0.788
273,2,9,0.752,gem,1695878806.0600555,gem,True,1,15000,128,0.782
274,2,10,0.755,gem,1695878806.0600555,gem,True,1,15000,128,0.771
275,3,0,0.1,gem,1695878806.0600555,gem,True,1,15000,128,0.547
276,3,1,0.1,gem,1695878806.0600555,gem,True,1,15000,128,0.572
277,3,2,0.1,gem,1695878806.0600555,gem,True,1,15000,128,0.634
278,3,3,0.834,gem,1695878806.0600555,gem,True,1,15000,128,0.83
279,3,4,0.79,gem,1695878806.0600555,gem,True,1,15000,128,0.807
280,3,5,0.773,gem,1695878806.0600555,gem,True,1,15000,128,0.794
281,3,6,0.771,gem,1695878806.0600555,gem,True,1,15000,128,0.802
282,3,7,0.787,gem,1695878806.0600555,gem,True,1,15000,128,0.8
283,3,8,0.783,gem,1695878806.0600555,gem,True,1,15000,128,0.8
284,3,9,0.773,gem,1695878806.0600555,gem,True,1,15000,128,0.811
285,3,10,0.762,gem,1695878806.0600555,gem,True,1,15000,128,0.8
286,4,0,0.1,gem,1695878806.0600555,gem,True,1,15000,128,0.515
287,4,1,0.1,gem,1695878806.0600555,gem,True,1,15000,128,0.536
288,4,2,0.1,gem,1695878806.0600555,gem,True,1,15000,128,0.606
289,4,3,0.1,gem,1695878806.0600555,gem,True,1,15000,128,0.648
290,4,4,0.8,gem,1695878806.0600555,gem,True,1,15000,128,0.807
291,4,5,0.774,gem,1695878806.0600555,gem,True,1,15000,128,0.774
292,4,6,0.758,gem,1695878806.0600555,gem,True,1,15000,128,0.772
293,4,7,0.749,gem,1695878806.0600555,gem,True,1,15000,128,0.768
294,4,8,0.74,gem,1695878806.0600555,gem,True,1,15000,128,0.764
295,4,9,0.736,gem,1695878806.0600555,gem,True,1,15000,128,0.768
296,4,10,0.729,gem,1695878806.0600555,gem,True,1,15000,128,0.767
297,5,0,0.1,gem,1695878806.0600555,gem,True,1,15000,128,0.526
298,5,1,0.1,gem,1695878806.0600555,gem,True,1,15000,128,0.633
299,5,2,0.1,gem,1695878806.0600555,gem,True,1,15000,128,0.672
300,5,3,0.1,gem,1695878806.0600555,gem,True,1,15000,128,0.701
301,5,4,0.1,gem,1695878806.0600555,gem,True,1,15000,128,0.707
302,5,5,0.84,gem,1695878806.0600555,gem,True,1,15000,128,0.85
303,5,6,0.819,gem,1695878806.0600555,gem,True,1,15000,128,0.817
304,5,7,0.789,gem,1695878806.0600555,gem,True,1,15000,128,0.82
305,5,8,0.797,gem,1695878806.0600555,gem,True,1,15000,128,0.825
306,5,9,0.789,gem,1695878806.0600555,gem,True,1,15000,128,0.809
307,5,10,0.773,gem,1695878806.0600555,gem,True,1,15000,128,0.809
308,6,0,0.1,gem,1695878806.0600555,gem,True,1,15000,128,0.455
309,6,1,0.1,gem,1695878806.0600555,gem,True,1,15000,128,0.597
310,6,2,0.1,gem,1695878806.0600555,gem,True,1,15000,128,0.65
311,6,3,0.1,gem,1695878806.0600555,gem,True,1,15000,128,0.668
312,6,4,0.1,gem,1695878806.0600555,gem,True,1,15000,128,0.679
313,6,5,0.1,gem,1695878806.0600555,gem,True,1,15000,128,0.717
314,6,6,0.871,gem,1695878806.0600555,gem,True,1,15000,128,0.871
315,6,7,0.841,gem,1695878806.0600555,gem,True,1,15000,128,0.844
316,6,8,0.846,gem,1695878806.0600555,gem,True,1,15000,128,0.846
317,6,9,0.839,gem,1695878806.0600555,gem,True,1,15000,128,0.828
318,6,10,0.841,gem,1695878806.0600555,gem,True,1,15000,128,0.852
319,7,0,0.1,gem,1695878806.0600555,gem,True,1,15000,128,0.398
320,7,1,0.1,gem,1695878806.0600555,gem,True,1,15000,128,0.505
321,7,2,0.1,gem,1695878806.0600555,gem,True,1,15000,128,0.555
322,7,3,0.1,gem,1695878806.0600555,gem,True,1,15000,128,0.616
323,7,4,0.1,gem,1695878806.0600555,gem,True,1,15000,128,0.63
324,7,5,0.1,gem,1695878806.0600555,gem,True,1,15000,128,0.652
325,7,6,0.1,gem,1695878806.0600555,gem,True,1,15000,128,0.683
326,7,7,0.788,gem,1695878806.0600555,gem,True,1,15000,128,0.793
327,7,8,0.784,gem,1695878806.0600555,gem,True,1,15000,128,0.769
328,7,9,0.761,gem,1695878806.0600555,gem,True,1,15000,128,0.763
329,7,10,0.757,gem,1695878806.0600555,gem,True,1,15000,128,0.76
330,8,0,0.1,gem,1695878806.0600555,gem,True,1,15000,128,0.586
331,8,1,0.1,gem,1695878806.0600555,gem,True,1,15000,128,0.691
332,8,2,0.1,gem,1695878806.0600555,gem,True,1,15000,128,0.745
333,8,3,0.1,gem,1695878806.0600555,gem,True,1,15000,128,0.772
334,8,4,0.1,gem,1695878806.0600555,gem,True,1,15000,128,0.767
335,8,5,0.1,gem,1695878806.0600555,gem,True,1,15000,128,0.805
336,8,6,0.1,gem,1695878806.0600555,gem,True,1,15000,128,0.794
337,8,7,0.1,gem,1695878806.0600555,gem,True,1,15000,128,0.807
338,8,8,0.877,gem,1695878806.0600555,gem,True,1,15000,128,0.876
339,8,9,0.868,gem,1695878806.0600555,gem,True,1,15000,128,0.852
340,8,10,0.855,gem,1695878806.0600555,gem,True,1,15000,128,0.848
341,9,0,0.1,gem,1695878806.0600555,gem,True,1,15000,128,0.403
342,9,1,0.1,gem,1695878806.0600555,gem,True,1,15000,128,0.511
343,9,2,0.1,gem,1695878806.0600555,gem,True,1,15000,128,0.558
344,9,3,0.1,gem,1695878806.0600555,gem,True,1,15000,128,0.614
345,9,4,0.1,gem,1695878806.0600555,gem,True,1,15000,128,0.613
346,9,5,0.1,gem,1695878806.0600555,gem,True,1,15000,128,0.62
347,9,6,0.1,gem,1695878806.0600555,gem,True,1,15000,128,0.651
348,9,7,0.1,gem,1695878806.0600555,gem,True,1,15000,128,0.662
349,9,8,0.1,gem,1695878806.0600555,gem,True,1,15000,128,0.664
350,9,9,0.781,gem,1695878806.0600555,gem,True,1,15000,128,0.789
351,9,10,0.775,gem,1695878806.0600555,gem,True,1,15000,128,0.771
352,10,0,0.1,gem,1695878806.0600555,gem,True,1,15000,128,0.532
353,10,1,0.1,gem,1695878806.0600555,gem,True,1,15000,128,0.59
354,10,2,0.1,gem,1695878806.0600555,gem,True,1,15000,128,0.679
355,10,3,0.1,gem,1695878806.0600555,gem,True,1,15000,128,0.687
356,10,4,0.1,gem,1695878806.0600555,gem,True,1,15000,128,0.691
357,10,5,0.1,gem,1695878806.0600555,gem,True,1,15000,128,0.734
358,10,6,0.1,gem,1695878806.0600555,gem,True,1,15000,128,0.741
359,10,7,0.1,gem,1695878806.0600555,gem,True,1,15000,128,0.739
360,10,8,0.1,gem,1695878806.0600555,gem,True,1,15000,128,0.744
361,10,9,0.1,gem,1695878806.0600555,gem,True,1,15000,128,0.75
362,10,10,0.834,gem,1695878806.0600555,gem,True,1,15000,128,0.832
363,0,0,0.827,gem,1695878806.0699666,gem,True,1,20000,128,0.8249
364,0,1,0.7643,gem,1695878806.0699666,gem,True,1,20000,128,0.7651
365,0,2,0.7482,gem,1695878806.0699666,gem,True,1,20000,128,0.7501
366,0,3,0.7546,gem,1695878806.0699666,gem,True,1,20000,128,0.7543
367,0,4,0.7582,gem,1695878806.0699666,gem,True,1,20000,128,0.7539
368,0,5,0.7586,gem,1695878806.0699666,gem,True,1,20000,128,0.7598
369,0,6,0.7494,gem,1695878806.0699666,gem,True,1,20000,128,0.7514
370,0,7,0.7421,gem,1695878806.0699666,gem,True,1,20000,128,0.7538
371,0,8,0.741,gem,1695878806.0699666,gem,True,1,20000,128,0.7535
372,0,9,0.7443,gem,1695878806.0699666,gem,True,1,20000,128,0.7529
373,0,10,0.7452,gem,1695878806.0699666,gem,True,1,20000,128,0.757
374,1,0,0.1,gem,1695878806.0699666,gem,True,1,20000,128,0.565
375,1,1,0.852,gem,1695878806.0699666,gem,True,1,20000,128,0.854
376,1,2,0.811,gem,1695878806.0699666,gem,True,1,20000,128,0.788
377,1,3,0.781,gem,1695878806.0699666,gem,True,1,20000,128,0.785
378,1,4,0.766,gem,1695878806.0699666,gem,True,1,20000,128,0.794
379,1,5,0.774,gem,1695878806.0699666,gem,True,1,20000,128,0.783
380,1,6,0.768,gem,1695878806.0699666,gem,True,1,20000,128,0.787
381,1,7,0.76,gem,1695878806.0699666,gem,True,1,20000,128,0.792
382,1,8,0.75,gem,1695878806.0699666,gem,True,1,20000,128,0.795
383,1,9,0.745,gem,1695878806.0699666,gem,True,1,20000,128,0.792
384,1,10,0.738,gem,1695878806.0699666,gem,True,1,20000,128,0.797
385,2,0,0.1,gem,1695878806.0699666,gem,True,1,20000,128,0.479
386,2,1,0.1,gem,1695878806.0699666,gem,True,1,20000,128,0.555
387,2,2,0.781,gem,1695878806.0699666,gem,True,1,20000,128,0.79
388,2,3,0.762,gem,1695878806.0699666,gem,True,1,20000,128,0.762
389,2,4,0.747,gem,1695878806.0699666,gem,True,1,20000,128,0.741
390,2,5,0.737,gem,1695878806.0699666,gem,True,1,20000,128,0.746
391,2,6,0.742,gem,1695878806.0699666,gem,True,1,20000,128,0.735
392,2,7,0.735,gem,1695878806.0699666,gem,True,1,20000,128,0.749
393,2,8,0.744,gem,1695878806.0699666,gem,True,1,20000,128,0.757
394,2,9,0.745,gem,1695878806.0699666,gem,True,1,20000,128,0.754
395,2,10,0.743,gem,1695878806.0699666,gem,True,1,20000,128,0.756
396,3,0,0.1,gem,1695878806.0699666,gem,True,1,20000,128,0.559
397,3,1,0.1,gem,1695878806.0699666,gem,True,1,20000,128,0.596
398,3,2,0.1,gem,1695878806.0699666,gem,True,1,20000,128,0.628
399,3,3,0.828,gem,1695878806.0699666,gem,True,1,20000,128,0.831
400,3,4,0.777,gem,1695878806.0699666,gem,True,1,20000,128,0.796
401,3,5,0.782,gem,1695878806.0699666,gem,True,1,20000,128,0.791
402,3,6,0.77,gem,1695878806.0699666,gem,True,1,20000,128,0.801
403,3,7,0.758,gem,1695878806.0699666,gem,True,1,20000,128,0.81
404,3,8,0.763,gem,1695878806.0699666,gem,True,1,20000,128,0.814
405,3,9,0.756,gem,1695878806.0699666,gem,True,1,20000,128,0.789
406,3,10,0.759,gem,1695878806.0699666,gem,True,1,20000,128,0.786
407,4,0,0.1,gem,1695878806.0699666,gem,True,1,20000,128,0.498
408,4,1,0.1,gem,1695878806.0699666,gem,True,1,20000,128,0.512
409,4,2,0.1,gem,1695878806.0699666,gem,True,1,20000,128,0.596
410,4,3,0.1,gem,1695878806.0699666,gem,True,1,20000,128,0.632
411,4,4,0.817,gem,1695878806.0699666,gem,True,1,20000,128,0.812
412,4,5,0.764,gem,1695878806.0699666,gem,True,1,20000,128,0.771
413,4,6,0.771,gem,1695878806.0699666,gem,True,1,20000,128,0.773
414,4,7,0.767,gem,1695878806.0699666,gem,True,1,20000,128,0.766
415,4,8,0.744,gem,1695878806.0699666,gem,True,1,20000,128,0.761
416,4,9,0.757,gem,1695878806.0699666,gem,True,1,20000,128,0.759
417,4,10,0.743,gem,1695878806.0699666,gem,True,1,20000,128,0.753
418,5,0,0.1,gem,1695878806.0699666,gem,True,1,20000,128,0.547
419,5,1,0.1,gem,1695878806.0699666,gem,True,1,20000,128,0.644
420,5,2,0.1,gem,1695878806.0699666,gem,True,1,20000,128,0.658
421,5,3,0.1,gem,1695878806.0699666,gem,True,1,20000,128,0.703
422,5,4,0.1,gem,1695878806.0699666,gem,True,1,20000,128,0.726
423,5,5,0.834,gem,1695878806.0699666,gem,True,1,20000,128,0.836
424,5,6,0.832,gem,1695878806.0699666,gem,True,1,20000,128,0.819
425,5,7,0.807,gem,1695878806.0699666,gem,True,1,20000,128,0.819
426,5,8,0.796,gem,1695878806.0699666,gem,True,1,20000,128,0.813
427,5,9,0.775,gem,1695878806.0699666,gem,True,1,20000,128,0.805
428,5,10,0.774,gem,1695878806.0699666,gem,True,1,20000,128,0.811
429,6,0,0.1,gem,1695878806.0699666,gem,True,1,20000,128,0.457
430,6,1,0.1,gem,1695878806.0699666,gem,True,1,20000,128,0.599
431,6,2,0.1,gem,1695878806.0699666,gem,True,1,20000,128,0.656
432,6,3,0.1,gem,1695878806.0699666,gem,True,1,20000,128,0.684
433,6,4,0.1,gem,1695878806.0699666,gem,True,1,20000,128,0.716
434,6,5,0.1,gem,1695878806.0699666,gem,True,1,20000,128,0.733
435,6,6,0.874,gem,1695878806.0699666,gem,True,1,20000,128,0.879
436,6,7,0.84,gem,1695878806.0699666,gem,True,1,20000,128,0.845
437,6,8,0.827,gem,1695878806.0699666,gem,True,1,20000,128,0.847
438,6,9,0.833,gem,1695878806.0699666,gem,True,1,20000,128,0.843
439,6,10,0.819,gem,1695878806.0699666,gem,True,1,20000,128,0.835
440,7,0,0.1,gem,1695878806.0699666,gem,True,1,20000,128,0.419
441,7,1,0.1,gem,1695878806.0699666,gem,True,1,20000,128,0.473
442,7,2,0.1,gem,1695878806.0699666,gem,True,1,20000,128,0.576
443,7,3,0.1,gem,1695878806.0699666,gem,True,1,20000,128,0.616
444,7,4,0.1,gem,1695878806.0699666,gem,True,1,20000,128,0.62
445,7,5,0.1,gem,1695878806.0699666,gem,True,1,20000,128,0.658
446,7,6,0.1,gem,1695878806.0699666,gem,True,1,20000,128,0.65
447,7,7,0.77,gem,1695878806.0699666,gem,True,1,20000,128,0.774
448,7,8,0.759,gem,1695878806.0699666,gem,True,1,20000,128,0.766
449,7,9,0.763,gem,1695878806.0699666,gem,True,1,20000,128,0.757
450,7,10,0.749,gem,1695878806.0699666,gem,True,1,20000,128,0.747
451,8,0,0.1,gem,1695878806.0699666,gem,True,1,20000,128,0.545
452,8,1,0.1,gem,1695878806.0699666,gem,True,1,20000,128,0.701
453,8,2,0.1,gem,1695878806.0699666,gem,True,1,20000,128,0.714
454,8,3,0.1,gem,1695878806.0699666,gem,True,1,20000,128,0.729
455,8,4,0.1,gem,1695878806.0699666,gem,True,1,20000,128,0.76
456,8,5,0.1,gem,1695878806.0699666,gem,True,1,20000,128,0.764
457,8,6,0.1,gem,1695878806.0699666,gem,True,1,20000,128,0.81
458,8,7,0.1,gem,1695878806.0699666,gem,True,1,20000,128,0.821
459,8,8,0.869,gem,1695878806.0699666,gem,True,1,20000,128,0.876
460,8,9,0.877,gem,1695878806.0699666,gem,True,1,20000,128,0.87
461,8,10,0.866,gem,1695878806.0699666,gem,True,1,20000,128,0.861
462,9,0,0.1,gem,1695878806.0699666,gem,True,1,20000,128,0.412
463,9,1,0.1,gem,1695878806.0699666,gem,True,1,20000,128,0.524
464,9,2,0.1,gem,1695878806.0699666,gem,True,1,20000,128,0.591
465,9,3,0.1,gem,1695878806.0699666,gem,True,1,20000,128,0.591
466,9,4,0.1,gem,1695878806.0699666,gem,True,1,20000,128,0.614
467,9,5,0.1,gem,1695878806.0699666,gem,True,1,20000,128,0.639
468,9,6,0.1,gem,1695878806.0699666,gem,True,1,20000,128,0.642
469,9,7,0.1,gem,1695878806.0699666,gem,True,1,20000,128,0.661
470,9,8,0.1,gem,1695878806.0699666,gem,True,1,20000,128,0.663
471,9,9,0.796,gem,1695878806.0699666,gem,True,1,20000,128,0.79
472,9,10,0.764,gem,1695878806.0699666,gem,True,1,20000,128,0.76
473,10,0,0.1,gem,1695878806.0699666,gem,True,1,20000,128,0.538
474,10,1,0.1,gem,1695878806.0699666,gem,True,1,20000,128,0.6
475,10,2,0.1,gem,1695878806.0699666,gem,True,1,20000,128,0.665
476,10,3,0.1,gem,1695878806.0699666,gem,True,1,20000,128,0.688
477,10,4,0.1,gem,1695878806.0699666,gem,True,1,20000,128,0.704
478,10,5,0.1,gem,1695878806.0699666,gem,True,1,20000,128,0.702
479,10,6,0.1,gem,1695878806.0699666,gem,True,1,20000,128,0.743
480,10,7,0.1,gem,1695878806.0699666,gem,True,1,20000,128,0.738
481,10,8,0.1,gem,1695878806.0699666,gem,True,1,20000,128,0.748
482,10,9,0.1,gem,1695878806.0699666,gem,True,1,20000,128,0.742
483,10,10,0.839,gem,1695878806.0699666,gem,True,1,20000,128,0.837
484,0,0,0.833,gem,1695879307.1656075,gem,True,1,15000,128,0.8321
485,0,1,0.7168,gem,1695879307.1656075,gem,True,1,15000,128,0.7723
486,0,2,0.709,gem,1695879307.1656075,gem,True,1,15000,128,0.7493
487,0,3,0.7361,gem,1695879307.1656075,gem,True,1,15000,128,0.7543
488,0,4,0.7475,gem,1695879307.1656075,gem,True,1,15000,128,0.7573
489,0,5,0.7487,gem,1695879307.1656075,gem,True,1,15000,128,0.7549
490,0,6,0.7372,gem,1695879307.1656075,gem,True,1,15000,128,0.7539
491,0,7,0.7473,gem,1695879307.1656075,gem,True,1,15000,128,0.7555
492,0,8,0.7333,gem,1695879307.1656075,gem,True,1,15000,128,0.7533
493,0,9,0.7407,gem,1695879307.1656075,gem,True,1,15000,128,0.7521
494,0,10,0.7346,gem,1695879307.1656075,gem,True,1,15000,128,0.7506
495,1,0,0.1,gem,1695879307.1656075,gem,True,1,15000,128,0.59
496,1,1,0.857,gem,1695879307.1656075,gem,True,1,15000,128,0.853
497,1,2,0.791,gem,1695879307.1656075,gem,True,1,15000,128,0.797
498,1,3,0.833,gem,1695879307.1656075,gem,True,1,15000,128,0.839
499,1,4,0.812,gem,1695879307.1656075,gem,True,1,15000,128,0.819
500,1,5,0.837,gem,1695879307.1656075,gem,True,1,15000,128,0.829
501,1,6,0.818,gem,1695879307.1656075,gem,True,1,15000,128,0.836
502,1,7,0.836,gem,1695879307.1656075,gem,True,1,15000,128,0.841
503,1,8,0.819,gem,1695879307.1656075,gem,True,1,15000,128,0.833
504,1,9,0.828,gem,1695879307.1656075,gem,True,1,15000,128,0.837
505,1,10,0.819,gem,1695879307.1656075,gem,True,1,15000,128,0.825
506,2,0,0.1,gem,1695879307.1656075,gem,True,1,15000,128,0.501
507,2,1,0.1,gem,1695879307.1656075,gem,True,1,15000,128,0.554
508,2,2,0.74,gem,1695879307.1656075,gem,True,1,15000,128,0.735
509,2,3,0.756,gem,1695879307.1656075,gem,True,1,15000,128,0.729
510,2,4,0.772,gem,1695879307.1656075,gem,True,1,15000,128,0.722
511,2,5,0.773,gem,1695879307.1656075,gem,True,1,15000,128,0.725
512,2,6,0.76,gem,1695879307.1656075,gem,True,1,15000,128,0.687
513,2,7,0.77,gem,1695879307.1656075,gem,True,1,15000,128,0.705
514,2,8,0.747,gem,1695879307.1656075,gem,True,1,15000,128,0.699
515,2,9,0.743,gem,1695879307.1656075,gem,True,1,15000,128,0.689
516,2,10,0.733,gem,1695879307.1656075,gem,True,1,15000,128,0.696
517,3,0,0.1,gem,1695879307.1656075,gem,True,1,15000,128,0.483
518,3,1,0.1,gem,1695879307.1656075,gem,True,1,15000,128,0.558
519,3,2,0.1,gem,1695879307.1656075,gem,True,1,15000,128,0.571
520,3,3,0.823,gem,1695879307.1656075,gem,True,1,15000,128,0.825
521,3,4,0.795,gem,1695879307.1656075,gem,True,1,15000,128,0.803
522,3,5,0.792,gem,1695879307.1656075,gem,True,1,15000,128,0.796
523,3,6,0.785,gem,1695879307.1656075,gem,True,1,15000,128,0.766
524,3,7,0.782,gem,1695879307.1656075,gem,True,1,15000,128,0.792
525,3,8,0.779,gem,1695879307.1656075,gem,True,1,15000,128,0.776
526,3,9,0.774,gem,1695879307.1656075,gem,True,1,15000,128,0.788
527,3,10,0.752,gem,1695879307.1656075,gem,True,1,15000,128,0.774
528,4,0,0.1,gem,1695879307.1656075,gem,True,1,15000,128,0.612
529,4,1,0.1,gem,1695879307.1656075,gem,True,1,15000,128,0.702
530,4,2,0.1,gem,1695879307.1656075,gem,True,1,15000,128,0.709
531,4,3,0.1,gem,1695879307.1656075,gem,True,1,15000,128,0.746
532,4,4,0.883,gem,1695879307.1656075,gem,True,1,15000,128,0.875
533,4,5,0.856,gem,1695879307.1656075,gem,True,1,15000,128,0.863
534,4,6,0.845,gem,1695879307.1656075,gem,True,1,15000,128,0.855
535,4,7,0.867,gem,1695879307.1656075,gem,True,1,15000,128,0.85
536,4,8,0.858,gem,1695879307.1656075,gem,True,1,15000,128,0.857
537,4,9,0.86,gem,1695879307.1656075,gem,True,1,15000,128,0.86
538,4,10,0.853,gem,1695879307.1656075,gem,True,1,15000,128,0.855
539,5,0,0.1,gem,1695879307.1656075,gem,True,1,15000,128,0.569
540,5,1,0.1,gem,1695879307.1656075,gem,True,1,15000,128,0.676
541,5,2,0.1,gem,1695879307.1656075,gem,True,1,15000,128,0.678
542,5,3,0.1,gem,1695879307.1656075,gem,True,1,15000,128,0.721
543,5,4,0.1,gem,1695879307.1656075,gem,True,1,15000,128,0.745
544,5,5,0.884,gem,1695879307.1656075,gem,True,1,15000,128,0.881
545,5,6,0.861,gem,1695879307.1656075,gem,True,1,15000,128,0.845
546,5,7,0.848,gem,1695879307.1656075,gem,True,1,15000,128,0.839
547,5,8,0.838,gem,1695879307.1656075,gem,True,1,15000,128,0.846
548,5,9,0.852,gem,1695879307.1656075,gem,True,1,15000,128,0.858
549,5,10,0.842,gem,1695879307.1656075,gem,True,1,15000,128,0.843
550,6,0,0.1,gem,1695879307.1656075,gem,True,1,15000,128,0.521
551,6,1,0.1,gem,1695879307.1656075,gem,True,1,15000,128,0.612
552,6,2,0.1,gem,1695879307.1656075,gem,True,1,15000,128,0.59
553,6,3,0.1,gem,1695879307.1656075,gem,True,1,15000,128,0.644
554,6,4,0.1,gem,1695879307.1656075,gem,True,1,15000,128,0.651
555,6,5,0.1,gem,1695879307.1656075,gem,True,1,15000,128,0.673
556,6,6,0.803,gem,1695879307.1656075,gem,True,1,15000,128,0.805
557,6,7,0.788,gem,1695879307.1656075,gem,True,1,15000,128,0.802
558,6,8,0.778,gem,1695879307.1656075,gem,True,1,15000,128,0.807
559,6,9,0.781,gem,1695879307.1656075,gem,True,1,15000,128,0.779
560,6,10,0.76,gem,1695879307.1656075,gem,True,1,15000,128,0.786
561,7,0,0.1,gem,1695879307.1656075,gem,True,1,15000,128,0.52
562,7,1,0.1,gem,1695879307.1656075,gem,True,1,15000,128,0.557
563,7,2,0.1,gem,1695879307.1656075,gem,True,1,15000,128,0.564
564,7,3,0.1,gem,1695879307.1656075,gem,True,1,15000,128,0.608
565,7,4,0.1,gem,1695879307.1656075,gem,True,1,15000,128,0.625
566,7,5,0.1,gem,1695879307.1656075,gem,True,1,15000,128,0.642
567,7,6,0.1,gem,1695879307.1656075,gem,True,1,15000,128,0.664
568,7,7,0.779,gem,1695879307.1656075,gem,True,1,15000,128,0.771
569,7,8,0.757,gem,1695879307.1656075,gem,True,1,15000,128,0.768
570,7,9,0.759,gem,1695879307.1656075,gem,True,1,15000,128,0.763
571,7,10,0.743,gem,1695879307.1656075,gem,True,1,15000,128,0.752
572,8,0,0.1,gem,1695879307.1656075,gem,True,1,15000,128,0.569
573,8,1,0.1,gem,1695879307.1656075,gem,True,1,15000,128,0.696
574,8,2,0.1,gem,1695879307.1656075,gem,True,1,15000,128,0.713
575,8,3,0.1,gem,1695879307.1656075,gem,True,1,15000,128,0.755
576,8,4,0.1,gem,1695879307.1656075,gem,True,1,15000,128,0.769
577,8,5,0.1,gem,1695879307.1656075,gem,True,1,15000,128,0.803
578,8,6,0.1,gem,1695879307.1656075,gem,True,1,15000,128,0.8
579,8,7,0.1,gem,1695879307.1656075,gem,True,1,15000,128,0.809
580,8,8,0.886,gem,1695879307.1656075,gem,True,1,15000,128,0.885
581,8,9,0.875,gem,1695879307.1656075,gem,True,1,15000,128,0.87
582,8,10,0.863,gem,1695879307.1656075,gem,True,1,15000,128,0.866
583,9,0,0.1,gem,1695879307.1656075,gem,True,1,15000,128,0.516
584,9,1,0.1,gem,1695879307.1656075,gem,True,1,15000,128,0.592
585,9,2,0.1,gem,1695879307.1656075,gem,True,1,15000,128,0.616
586,9,3,0.1,gem,1695879307.1656075,gem,True,1,15000,128,0.681
587,9,4,0.1,gem,1695879307.1656075,gem,True,1,15000,128,0.671
588,9,5,0.1,gem,1695879307.1656075,gem,True,1,15000,128,0.69
589,9,6,0.1,gem,1695879307.1656075,gem,True,1,15000,128,0.715
590,9,7,0.1,gem,1695879307.1656075,gem,True,1,15000,128,0.739
591,9,8,0.1,gem,1695879307.1656075,gem,True,1,15000,128,0.743
592,9,9,0.821,gem,1695879307.1656075,gem,True,1,15000,128,0.811
593,9,10,0.806,gem,1695879307.1656075,gem,True,1,15000,128,0.809
594,10,0,0.1,gem,1695879307.1656075,gem,True,1,15000,128,0.477
595,10,1,0.1,gem,1695879307.1656075,gem,True,1,15000,128,0.562
596,10,2,0.1,gem,1695879307.1656075,gem,True,1,15000,128,0.578
597,10,3,0.1,gem,1695879307.1656075,gem,True,1,15000,128,0.632
598,10,4,0.1,gem,1695879307.1656075,gem,True,1,15000,128,0.65
599,10,5,0.1,gem,1695879307.1656075,gem,True,1,15000,128,0.669
600,10,6,0.1,gem,1695879307.1656075,gem,True,1,15000,128,0.661
601,10,7,0.1,gem,1695879307.1656075,gem,True,1,15000,128,0.688
602,10,8,0.1,gem,1695879307.1656075,gem,True,1,15000,128,0.693
603,10,9,0.1,gem,1695879307.1656075,gem,True,1,15000,128,0.696
604,10,10,0.823,gem,1695879307.1656075,gem,True,1,15000,128,0.818
605,0,0,0.833,gem,1695879307.174473,gem,True,1,20000,128,0.8329
606,0,1,0.7469,gem,1695879307.174473,gem,True,1,20000,128,0.7702
607,0,2,0.7571,gem,1695879307.174473,gem,True,1,20000,128,0.7687
608,0,3,0.7567,gem,1695879307.174473,gem,True,1,20000,128,0.7726
609,0,4,0.7454,gem,1695879307.174473,gem,True,1,20000,128,0.7717
610,0,5,0.6571,gem,1695879307.174473,gem,True,1,20000,128,0.7468
611,0,6,0.5874,gem,1695879307.174473,gem,True,1,20000,128,0.6777
612,0,7,0.7351,gem,1695879307.174473,gem,True,1,20000,128,0.7612
613,0,8,0.7519,gem,1695879307.174473,gem,True,1,20000,128,0.762
614,0,9,0.7508,gem,1695879307.174473,gem,True,1,20000,128,0.7628
615,0,10,0.7509,gem,1695879307.174473,gem,True,1,20000,128,0.7578
616,1,0,0.1,gem,1695879307.174473,gem,True,1,20000,128,0.604
617,1,1,0.868,gem,1695879307.174473,gem,True,1,20000,128,0.87
618,1,2,0.816,gem,1695879307.174473,gem,True,1,20000,128,0.831
619,1,3,0.842,gem,1695879307.174473,gem,True,1,20000,128,0.824
620,1,4,0.838,gem,1695879307.174473,gem,True,1,20000,128,0.842
621,1,5,0.78,gem,1695879307.174473,gem,True,1,20000,128,0.811
622,1,6,0.609,gem,1695879307.174473,gem,True,1,20000,128,0.748
623,1,7,0.793,gem,1695879307.174473,gem,True,1,20000,128,0.834
624,1,8,0.826,gem,1695879307.174473,gem,True,1,20000,128,0.846
625,1,9,0.828,gem,1695879307.174473,gem,True,1,20000,128,0.838
626,1,10,0.835,gem,1695879307.174473,gem,True,1,20000,128,0.838
627,2,0,0.1,gem,1695879307.174473,gem,True,1,20000,128,0.556
628,2,1,0.1,gem,1695879307.174473,gem,True,1,20000,128,0.612
629,2,2,0.804,gem,1695879307.174473,gem,True,1,20000,128,0.808
630,2,3,0.766,gem,1695879307.174473,gem,True,1,20000,128,0.757
631,2,4,0.754,gem,1695879307.174473,gem,True,1,20000,128,0.756
632,2,5,0.686,gem,1695879307.174473,gem,True,1,20000,128,0.741
633,2,6,0.534,gem,1695879307.174473,gem,True,1,20000,128,0.656
634,2,7,0.699,gem,1695879307.174473,gem,True,1,20000,128,0.739
635,2,8,0.77,gem,1695879307.174473,gem,True,1,20000,128,0.744
636,2,9,0.74,gem,1695879307.174473,gem,True,1,20000,128,0.756
637,2,10,0.752,gem,1695879307.174473,gem,True,1,20000,128,0.754
638,3,0,0.1,gem,1695879307.174473,gem,True,1,20000,128,0.482
639,3,1,0.1,gem,1695879307.174473,gem,True,1,20000,128,0.583
640,3,2,0.1,gem,1695879307.174473,gem,True,1,20000,128,0.635
641,3,3,0.852,gem,1695879307.174473,gem,True,1,20000,128,0.854
642,3,4,0.772,gem,1695879307.174473,gem,True,1,20000,128,0.79
643,3,5,0.715,gem,1695879307.174473,gem,True,1,20000,128,0.768
644,3,6,0.587,gem,1695879307.174473,gem,True,1,20000,128,0.683
645,3,7,0.699,gem,1695879307.174473,gem,True,1,20000,128,0.766
646,3,8,0.758,gem,1695879307.174473,gem,True,1,20000,128,0.784
647,3,9,0.751,gem,1695879307.174473,gem,True,1,20000,128,0.776
648,3,10,0.759,gem,1695879307.174473,gem,True,1,20000,128,0.773
649,4,0,0.1,gem,1695879307.174473,gem,True,1,20000,128,0.563
650,4,1,0.1,gem,1695879307.174473,gem,True,1,20000,128,0.683
651,4,2,0.1,gem,1695879307.174473,gem,True,1,20000,128,0.729
652,4,3,0.1,gem,1695879307.174473,gem,True,1,20000,128,0.751
653,4,4,0.866,gem,1695879307.174473,gem,True,1,20000,128,0.863
654,4,5,0.809,gem,1695879307.174473,gem,True,1,20000,128,0.836
655,4,6,0.633,gem,1695879307.174473,gem,True,1,20000,128,0.757
656,4,7,0.812,gem,1695879307.174473,gem,True,1,20000,128,0.845
657,4,8,0.852,gem,1695879307.174473,gem,True,1,20000,128,0.848
658,4,9,0.845,gem,1695879307.174473,gem,True,1,20000,128,0.854
659,4,10,0.848,gem,1695879307.174473,gem,True,1,20000,128,0.851
660,5,0,0.1,gem,1695879307.174473,gem,True,1,20000,128,0.531
661,5,1,0.1,gem,1695879307.174473,gem,True,1,20000,128,0.625
662,5,2,0.1,gem,1695879307.174473,gem,True,1,20000,128,0.68
663,5,3,0.1,gem,1695879307.174473,gem,True,1,20000,128,0.694
664,5,4,0.1,gem,1695879307.174473,gem,True,1,20000,128,0.715
665,5,5,0.831,gem,1695879307.174473,gem,True,1,20000,128,0.818
666,5,6,0.658,gem,1695879307.174473,gem,True,1,20000,128,0.704
667,5,7,0.813,gem,1695879307.174473,gem,True,1,20000,128,0.798
668,5,8,0.854,gem,1695879307.174473,gem,True,1,20000,128,0.821
669,5,9,0.851,gem,1695879307.174473,gem,True,1,20000,128,0.808
670,5,10,0.845,gem,1695879307.174473,gem,True,1,20000,128,0.809
671,6,0,0.1,gem,1695879307.174473,gem,True,1,20000,128,0.425
672,6,1,0.1,gem,1695879307.174473,gem,True,1,20000,128,0.481
673,6,2,0.1,gem,1695879307.174473,gem,True,1,20000,128,0.495
674,6,3,0.1,gem,1695879307.174473,gem,True,1,20000,128,0.495
675,6,4,0.1,gem,1695879307.174473,gem,True,1,20000,128,0.494
676,6,5,0.1,gem,1695879307.174473,gem,True,1,20000,128,0.491
677,6,6,0.597,gem,1695879307.174473,gem,True,1,20000,128,0.576
678,6,7,0.73,gem,1695879307.174473,gem,True,1,20000,128,0.577
679,6,8,0.782,gem,1695879307.174473,gem,True,1,20000,128,0.586
680,6,9,0.774,gem,1695879307.174473,gem,True,1,20000,128,0.601
681,6,10,0.775,gem,1695879307.174473,gem,True,1,20000,128,0.591
682,7,0,0.1,gem,1695879307.174473,gem,True,1,20000,128,0.494
683,7,1,0.1,gem,1695879307.174473,gem,True,1,20000,128,0.531
684,7,2,0.1,gem,1695879307.174473,gem,True,1,20000,128,0.579
685,7,3,0.1,gem,1695879307.174473,gem,True,1,20000,128,0.573
686,7,4,0.1,gem,1695879307.174473,gem,True,1,20000,128,0.608
687,7,5,0.1,gem,1695879307.174473,gem,True,1,20000,128,0.585
688,7,6,0.1,gem,1695879307.174473,gem,True,1,20000,128,0.536
689,7,7,0.743,gem,1695879307.174473,gem,True,1,20000,128,0.745
690,7,8,0.752,gem,1695879307.174473,gem,True,1,20000,128,0.733
691,7,9,0.758,gem,1695879307.174473,gem,True,1,20000,128,0.724
692,7,10,0.749,gem,1695879307.174473,gem,True,1,20000,128,0.733
693,8,0,0.1,gem,1695879307.174473,gem,True,1,20000,128,0.573
694,8,1,0.1,gem,1695879307.174473,gem,True,1,20000,128,0.718
695,8,2,0.1,gem,1695879307.174473,gem,True,1,20000,128,0.729
696,8,3,0.1,gem,1695879307.174473,gem,True,1,20000,128,0.768
697,8,4,0.1,gem,1695879307.174473,gem,True,1,20000,128,0.779
698,8,5,0.1,gem,1695879307.174473,gem,True,1,20000,128,0.776
699,8,6,0.1,gem,1695879307.174473,gem,True,1,20000,128,0.702
700,8,7,0.1,gem,1695879307.174473,gem,True,1,20000,128,0.801
701,8,8,0.874,gem,1695879307.174473,gem,True,1,20000,128,0.87
702,8,9,0.858,gem,1695879307.174473,gem,True,1,20000,128,0.865
703,8,10,0.855,gem,1695879307.174473,gem,True,1,20000,128,0.855
704,9,0,0.1,gem,1695879307.174473,gem,True,1,20000,128,0.53
705,9,1,0.1,gem,1695879307.174473,gem,True,1,20000,128,0.611
706,9,2,0.1,gem,1695879307.174473,gem,True,1,20000,128,0.66
707,9,3,0.1,gem,1695879307.174473,gem,True,1,20000,128,0.684
708,9,4,0.1,gem,1695879307.174473,gem,True,1,20000,128,0.704
709,9,5,0.1,gem,1695879307.174473,gem,True,1,20000,128,0.697
710,9,6,0.1,gem,1695879307.174473,gem,True,1,20000,128,0.639
711,9,7,0.1,gem,1695879307.174473,gem,True,1,20000,128,0.733
712,9,8,0.1,gem,1695879307.174473,gem,True,1,20000,128,0.733
713,9,9,0.823,gem,1695879307.174473,gem,True,1,20000,128,0.819
714,9,10,0.794,gem,1695879307.174473,gem,True,1,20000,128,0.8
715,10,0,0.1,gem,1695879307.174473,gem,True,1,20000,128,0.474
716,10,1,0.1,gem,1695879307.174473,gem,True,1,20000,128,0.57
717,10,2,0.1,gem,1695879307.174473,gem,True,1,20000,128,0.606
718,10,3,0.1,gem,1695879307.174473,gem,True,1,20000,128,0.651
719,10,4,0.1,gem,1695879307.174473,gem,True,1,20000,128,0.655
720,10,5,0.1,gem,1695879307.174473,gem,True,1,20000,128,0.619
721,10,6,0.1,gem,1695879307.174473,gem,True,1,20000,128,0.588
722,10,7,0.1,gem,1695879307.174473,gem,True,1,20000,128,0.681
723,10,8,0.1,gem,1695879307.174473,gem,True,1,20000,128,0.704
724,10,9,0.1,gem,1695879307.174473,gem,True,1,20000,128,0.715
725,10,10,0.822,gem,1695879307.174473,gem,True,1,20000,128,0.802
